id,track,system,status,flow_key
001,Foundations,Cache-backed product read,published,cache
002,Foundations,API rate limiter,published,rate
003,Foundations,Background job queue,published,queue
004,Foundations,Safe payment retry,published,payment
005,Foundations,URL shortener,planned,
006,Foundations,Distributed lock,planned,
007,Foundations,Service discovery,planned,
008,Foundations,Feature flag delivery,planned,
009,Foundations,API gateway,planned,
010,Foundations,Configuration distribution,planned,
011,Data,Database replication,planned,
012,Data,Database sharding,planned,
013,Data,Change data capture,planned,
014,Data,Read model projection,planned,
015,Data,Event sourcing,planned,
016,Data,Multi-region writes,planned,
017,Data,Schema migration,planned,
018,Data,Time-series ingestion,planned,
019,Data,Data lake ingestion,planned,
020,Data,Analytics dashboard,planned,
021,Messaging,Outbox delivery,planned,
022,Messaging,Dead-letter recovery,planned,
023,Messaging,Pub-sub fanout,planned,
024,Messaging,Ordered event stream,planned,
025,Messaging,Scheduled jobs,planned,
026,Messaging,Webhook delivery,planned,
027,Messaging,Email delivery pipeline,planned,
028,Messaging,Notification preferences,planned,
029,Messaging,Push notification fanout,planned,
030,Messaging,Real-time presence,planned,
031,Identity,Session management,planned,
032,Identity,OAuth authorization,planned,
033,Identity,Single sign-on,planned,
034,Identity,Passkey login,planned,
035,Identity,Password reset,planned,
036,Identity,Multi-factor authentication,planned,
037,Identity,Role-based access,planned,
038,Identity,Audit logging,planned,
039,Identity,Secret rotation,planned,
040,Identity,Abuse detection,planned,
041,Commerce,Inventory reservation,planned,
042,Commerce,Order state machine,planned,
043,Commerce,Shopping cart,planned,
044,Commerce,Checkout orchestration,planned,
045,Commerce,Refund processing,planned,
046,Commerce,Subscription billing,planned,
047,Commerce,Coupon redemption,planned,
048,Commerce,Marketplace payout,planned,
049,Commerce,Price calculation,planned,
050,Commerce,Fraud review queue,planned,
051,Media,File upload,planned,
052,Media,Image processing,planned,
053,Media,Video transcoding,planned,
054,Media,Adaptive video streaming,planned,
055,Media,CDN cache invalidation,planned,
056,Media,Document collaboration,planned,
057,Media,Versioned file storage,planned,
058,Media,Large file download,planned,
059,Media,Live broadcast chat,planned,
060,Media,Podcast distribution,planned,
061,Social,News feed fanout,planned,
062,Social,Direct messaging,planned,
063,Social,Group chat,planned,
064,Social,Comment threads,planned,
065,Social,Like counter,planned,
066,Social,Follow graph,planned,
067,Social,Activity feed,planned,
068,Social,Content moderation,planned,
069,Social,Collaborative editing,planned,
070,Social,Online game matchmaking,planned,
071,Discovery,Full-text search,planned,
072,Discovery,Search autocomplete,planned,
073,Discovery,Geospatial nearby search,planned,
074,Discovery,Recommendation feed,planned,
075,Discovery,Product ranking,planned,
076,Discovery,Personalized email ranking,planned,
077,Discovery,Trending topics,planned,
078,Discovery,Ad serving,planned,
079,Discovery,Experiment assignment,planned,
080,Discovery,Product analytics events,planned,
081,AI,Document retrieval for AI,planned,
082,AI,Embedding ingestion,planned,
083,AI,Vector index updates,planned,
084,AI,Model inference gateway,planned,
085,AI,AI request budget,planned,
086,AI,Prompt versioning,planned,
087,AI,Evaluation pipeline,planned,
088,AI,Human review workflow,planned,
089,AI,Agent tool execution,planned,
090,AI,AI safety audit trail,planned,
091,Operations,Metrics ingestion,planned,
092,Operations,Distributed tracing,planned,
093,Operations,Incident alerting,planned,
094,Operations,Deployment rollout,planned,
095,Operations,Canary release,planned,
096,Operations,Backup and restore,planned,
097,Operations,Disaster recovery,planned,
098,Operations,Multi-tenant isolation,planned,
099,Operations,Cost attribution,planned,
100,Operations,Capacity planning,planned,
